{
  "shape_axis_key": "1x4|independent",
  "allowed_layouts": [
    "quad-1x4"
  ],
  "default_variant": "heatmap+heatmap+heatmap+heatmap",
  "variants": {
    "line+line+line+line": {
      "adjust_spec": {
        "left": 0.07216358024691358,
        "right": 0.99,
        "top": 0.98,
        "bottom": 0.28,
        "wspace": 0.42532315507920687,
        "hspace": 0.0
      }
    },
    "heatmap+heatmap+heatmap+heatmap": {
      "adjust_spec": {
        "left": 0.06,
        "right": 0.9547455246913579,
        "top": 0.98,
        "bottom": 0.28,
        "wspace": 0.5945836192640649,
        "hspace": 0.0
      }
    },
    "line+bar+scatter+heatmap": {
      "adjust_spec": {
        "left": 0.07216358024691358,
        "right": 0.9547455246913579,
        "top": 0.9663911111111112,
        "bottom": 0.28,
        "wspace": 0.3875055741787674,
        "hspace": 0.0
      }
    }
  }
}
